0.8823143291613355, 0.6922289244995645
1.073414440943178, 0.8810668429374178
0.08905470130585395, 0.908211736092713
1.0454400698519601, 0.9791152100910953
0.7036914051708731, 1.0288932054916822
0.13385334499433402, 0.01686359152877964
0.03448108399303311, 1.1567909964836771
0.09707051861164351, -0.18950684670362933
-0.12424456747674749, 0.040352273316215784
-0.012200453996629087, -0.015590047830917744
-0.11427487630522962, -0.142176314157496
-0.052382978782316396, 1.0443553662868301
0.00539173561739519, -0.10096552819881759
1.0254101971073701, 1.0358493008271477
-0.026649585396788304, -0.14571290737578763
-0.2723881057219538, 1.1684987114168113
-0.02780623776298168, 0.05815743916686603
-0.08877848015462586, 0.11789265122698599
0.6164559487596171, 0.8662560516233878
0.9472657488002189, 1.0795453858136559
0.017337297402331562, 0.9748250677845754
0.8540039696706951, 1.1683731541875608
-0.10921160799540996, 1.0777804119207133
1.1004100106409984, 0.8802173592225189
1.0939827234650945, 0.727294794246097
-0.19463476513036804, -0.2101455515925512
0.038046254616110296, 0.6337474981258615
0.2045428964362191, 0.013715279203693352
0.08302661023168124, -0.13034130344738887
0.06575807025591168, 1.16824668455678
1.1009640445138595, 1.3510480698009653
0.26080461593838705, 0.07860160426345819
-0.09509203398098935, -0.03054199586374059
0.05957037819991187, 1.0126592565163843
-0.031415278641340284, -0.1366606401255319
-0.11903435898951076, -0.06913431195486612
-0.14745917116722934, 1.2687199718549285
0.05310707121666145, 0.0977089281227856
-0.09183029479649961, 1.0546609173106472
1.0845459233752637, 1.3389027419857549
0.20034481806985274, 0.882823391553309
0.17701487598887874, 0.913184642661535
-0.28509505015916214, -0.15689704997516243
0.15122299325441912, -0.14345501598729507
-0.010727033219214144, 0.07281592620779054
-0.07849717388221558, 1.0793340782506762
0.9599399389431071, 1.0724818248351038
0.8395066778327697, 0.9576016264242613
1.1915574211009436, 1.0186910809041274
-0.07023427403250289, 0.8548878031813834
0.08674914645299729, 0.1500869195409387
-0.015026176558619151, 0.01985318463633619
-0.11344239836323546, 0.1843240404640409
-0.14497027322160858, 0.05416197917639851
0.0754878203002013, -0.16234059417335878
0.0018149865799445013, 0.17705842743741024
0.9315697860298844, 0.8953751562541287
0.043990760606923335, 0.8438713291274115
-0.3088330180524224, 0.92640413402593
1.0464402156912995, 0.8199080894618086
0.9123030899601791, 0.7232024183781907
-0.039793106837513754, -0.05754829507397636
0.18590340914197398, 0.004591469207306364
0.08576386412830102, 0.9074836087502955
-0.18426547267590204, -0.10603741602088455
-0.06026284318057998, 1.118682655884892
0.25736653158016304, 0.8286219781400166
1.168887606131261, 1.096119729408419
0.9719051386394013, 0.899800691975239
-0.13500983457155502, 0.982872601958432
-0.034169685488944765, 0.002610313593419116
-0.26973823150214804, 0.30699304467485167
0.0073915499900985854, -0.1434681409336821
0.033486173873164965, -0.19507335886705
1.1538114465359706, 0.769236105691542
0.01556734768111499, 0.0450725445131275
0.9604279411763558, 1.207499455372052
0.05323807055675609, 0.7177817657799079
0.2189838509338635, 0.22581440019092583
1.0430703799666043, 1.0784701438285467
0.9777880513327819, 0.8509548145966431
0.9773781682951914, 0.7236744681864984
0.15459938364024856, 1.0428000025123672
-0.049394350686327144, 0.9850603890981835
1.09321420916996, 1.1322003203664086
-0.1395741449125976, -0.10704579888826013
-0.06441382350846488, 0.08055843978672406
0.16301005743218858, 0.9532562727769015
-0.039993057410572116, 0.011460683024674895
-0.07836313961511983, 0.25727805132708975
-0.13871757611266866, -0.024591126327700098
0.9951416392740461, 0.9454941503304543
-0.009216496647564094, 0.8382420121443582
0.9458314408787072, 1.1473001711461195
-0.20342042406872204, 0.87676851986937
-0.18825581948801953, -0.24813341568868932
0.13945168687592785, -0.03371823198237581
0.1912540811337021, -0.03717802103972139
1.0664856621617693, 0.7999374439986353
0.21876759591545306, 0.035542990940870926
0.12980271173987476, 0.9877297912887151
-0.08164010662074378, 1.3947119668302344
0.00255083399617563, 0.02638687541184725
-0.08117095721347016, -0.06755246715349908
0.020026727780909248, 1.0155042880543643
1.0247982472131887, 0.943557388626376
0.13606294187851553, -0.017992724272993626
1.106967761413096, 0.9442507518284047
0.07988243330003832, 1.0133074897180245
0.8465571092691758, 0.7551853780310661
0.03039504509643148, 0.20222179281864025
-0.10892418666176884, 0.012639319973249607
-0.15720563387330813, 0.028308502925614727
0.07421755056679034, 0.8782092862283251
0.12470137417331703, 0.9486790324495682
0.2818397526900646, -0.011897687507766623
0.15820224001790437, 1.0677200630415342
-0.07934710577804845, -0.009922617343337771
0.012440845351229121, -0.09515140706163447
0.6546046516679799, 1.0700909989651657
0.059307436992116366, 0.8436925201466163
1.0652259376583157, 0.9294553671867035
-0.08437867213215039, 0.0017989145968002435
0.7721628915682198, 0.7752755290848016
-0.29728096775934837, 0.09357698781885779
0.15448639730321884, 0.0868301983425184
-0.10976385424912764, 0.1645728333197967
0.15426218280831464, 0.972430200905898
0.29843288162741305, 1.0390632739123573
0.055311205491394594, 0.07149835832725754
-0.18033538597031648, 0.16687685664559668
-0.07290319407061263, 0.9138305364151162
-0.032746741599542876, -0.14650264218645515
0.3180949302585166, 0.10231122250901446
1.036427739187642, 1.1616029198326054
0.01698431103268188, 0.013521249772879976
-0.20380901472282706, 0.166473938979084
0.07021578524977247, 0.8969373765838514
0.08990884977196278, -0.22290751140694443
0.08639659500171203, 1.1625575112691986
0.7693310565976774, 1.1941270692506862
-0.1892595388483449, 0.8628308786537686
0.22399123973457957, 0.06911225691184071
1.109567134751842, 1.0298272162292323
-0.11759227485613685, 1.0979959517283866
-0.31084126353029207, -0.0474418019746871
0.015878184494547552, -0.06031131084074029
-0.037553225737548324, -0.004575458516487807
1.1232443152247777, 1.3143020965303926
1.0272183729493929, 0.9090556200920974
-0.017145106524138334, 1.0305235222405522
-0.15910388810298334, 0.9458013335594931
1.0664502690529065, 0.796957033728792
0.6668947106255052, 1.361536253595324
0.10975008757651294, 0.7921149659449663
-0.023604494364807077, 0.8956070107013243
-0.06737298669551983, 1.163272600158744
1.041131315388292, 1.3470342964852198
0.3715743774847821, 0.9715433575891829
-0.039378728726213806, 0.986009030824558
-0.2712540330151824, 1.2664175672091662
0.9875165901929362, 1.0298629158135002
0.6125924798126523, 1.0054564539269595
-0.2281559454982355, 0.8798084467317543
-0.08999725999698867, 1.0257179103316052
-0.11851745133100808, 0.17223004870742567
-0.008132295443767592, 0.11421892994633345
-0.11743728261972121, 0.9943536540725595
1.0018503075589402, 1.160833203193473
-0.016666975910433365, 0.003088447193625926
-0.1409048704426515, 0.8745054191340617
0.8931416757036252, 0.82559944079241
1.243993340842842, 0.8532890809513353
0.9592152389820593, 1.064099532407146
1.0803560191408677, 1.0028888828938785
0.03540744480755739, 0.1507653561454345
-0.11232191764047482, -0.013173302052654481
0.14708574407451924, 0.8214415991823881
-0.15322865463997867, 0.09147931877965924
1.2473150262010733, 0.9158309020369454
0.28757448579871725, 1.3247322930269492
-0.0022741667600977133, 0.9628538122289153
0.37466706272785233, 0.8516700184928027
0.08981130721254836, 1.4115339084066714
0.03441362396276827, 0.86142428753701
-0.1861886680469867, 1.025120530284557
0.21959300290136885, 1.0238020561863317
0.0028216162970097136, -0.04730743629419707
0.9960046272145098, 0.9791361993256209
0.10745489226965459, -0.3077653668730709
0.9356593877455596, 1.2312987910288027
0.8917341462229665, 1.1635357314629766
0.09507404445955184, 1.3849893001291533
-0.18879072417180082, 1.1054264422033042
-0.044180220693035135, 0.03770310258134698
0.15101457624318748, -0.18426982342291803
-0.14147281183891727, -0.0901343469725237
0.027640796734784163, 0.11415249568993607
1.2184842586441285, 1.0653224303014102
-0.055170031163416025, 0.9236491894601571
0.3910229731785276, 1.101108516045858
-0.12733892990786555, 1.3712934029438861
0.17235514074778782, -0.10334349726030892
1.179418849408604, 0.9045082922955332
-0.21211950613983813, 0.7854005411611271
0.24762999717284323, 0.020079046807622104
-0.24339960548411957, 1.0573299138001782
0.10454612021103586, 1.0218272780312956
-0.01987694356722829, 1.1704380115528805
0.0592929957901978, 0.7702803654382417
0.11961319642812525, 0.9200455983326151
-0.26220400110774406, 0.8891064341168041
0.19557611684415133, 0.7849666261602278
1.0668794644865884, 0.974953584846657
0.31709024851911644, 1.1049259348995322
0.7970325189501509, 0.9499396039416504
0.07728755208852318, 1.0022584409197188
-0.2173287548773605, 0.9218413008644347
0.15478656122816123, 0.010145565412787888
-0.05108225180858902, 1.2451857514022953
0.22258476961724064, -0.016476508828998745
-0.09586282779262563, 0.17228751891102337
0.802123944277478, 0.9901748482334465
1.0280065233436984, 0.926936554691513
1.0753758561751505, 1.260789461726164
0.8944342183025218, 1.0493516228977426
-0.18713330765159206, 1.0605713687822726
-0.14898276381593373, 1.0425296692920767
0.13657305071323186, 0.04033181295088089
0.0965886229018783, 0.08784936510702224
1.1542335740072582, 0.9789180326961026
-0.10529363208568306, 0.8998445012318878
0.029181751116385386, 1.0033934924828234
0.08352228334102327, 0.048541135131416425
-0.2769944907790578, 0.009443890392218381
1.156068219859564, 1.382931411647776
0.20499911985663158, 1.2851928010944766
1.0094808186418809, 1.13164590768518
0.10473603903567968, -0.005556986442019375
0.062095712935331865, -0.002565026883174565
-0.050862745382379934, -0.0018870710676522327
0.9983967074297727, 1.097661072984311
1.0583551304122267, 0.9081948254129804
-0.17064574593057155, 0.9273960846950051
0.7110398762941068, 0.8481311909998347
0.08123733465394357, -0.08469924531080385
0.9634662913449742, 0.9569376787149585
-0.17209215515684792, 1.0679378711174718
-0.1364104741344929, 1.2472308635212574
0.6997855804603053, 0.9306155920915584
0.21537850203651718, 1.0242604061254543
0.20963038915997181, 0.9932407140926652
-0.04687928676419387, 0.9417882981634058
0.16665494566515052, 0.9492582502053459
0.03651081540438568, 0.9754223098310807
-0.1537848044058333, -0.08758010234272533
1.0751853847095265, 1.139552670083785
0.04955763877098567, 1.1159928167743143
1.1085208964674427, 1.102186549131026
-0.002320097757584474, 0.05896389781649345
1.1362698878375055, 0.8257411387116024
-0.3037893977917488, -0.14371478917360023
1.1174230374406973, 0.8434983582509991
1.005249912592714, 0.8287930964099969
1.2085786455259444, 1.0742168244758095
0.050029087181495006, 1.233491627236082
1.0011720106528297, 1.11385720445434
0.34295857361886245, 0.830957975502914
-0.03816727976954308, -0.32779432623822446
1.0377900853364836, 0.6905163989875356
0.7558864914589536, 1.0311457520609104
1.0157660843391778, 1.3793114470680434
-0.006817566609123452, 1.0819984713842516
-0.31154892019263314, 0.04902653456182789
1.0500165226732996, 0.8066147356946616
0.9331796479453464, 0.7766004614818526
1.1377085060842909, 1.0835638845061195
-0.12683671365638988, 0.1515342028635319
0.26223778034608336, 0.04254201074175643
1.157925700395603, 1.180568098656551
-0.17763254405876733, -0.09834863246843978
-0.0741303526224116, 1.0426920290484365
0.9882785863071377, 1.0683700602800756
0.04372538195754594, 1.0665747113995918
-0.4057310365139432, 0.2095459045220888
0.7620212959661263, 0.9854901304196046
0.3084694765870026, 0.7817877375365201
0.8333686119218122, 1.2619642220506953
-0.18111810911359705, 1.176652575199781
1.056997352459147, 1.1588869342744275
0.16127815159588246, 1.0857213090955882
-0.27260118884164375, 0.8576616827445167
0.9701621502996858, 1.1206478378364217
0.19915474301282513, -0.22886110243241523
-0.20270130749134788, 1.0411168569347211
-0.16647527053236316, 0.908040693962725
0.8966035196294788, 1.0145375703486872
-0.15866816093342687, 1.0054872095868004
0.8150607699033874, 0.9170399417971455
-0.21228889807740295, 0.09274671452545775
-0.04280262569191919, -0.195742824279311
-0.06544907303714348, 0.6195071654412079
0.2453373590330401, -0.10645035044945848
0.9988307240079052, 0.7956437228848472
0.10147908984197647, 0.11854885509570293
0.019913240327817713, 0.03881787039554836
-0.22267587076846193, 0.1541841361228938
0.14260230880522454, -0.006945404648799034
1.1952965198360577, 0.9369873478219023
0.90774569219951, 1.0730347389380572
-0.0595861642469966, 1.090463591965062
-0.025621428033897647, 0.6727928718212302
-0.23709305391388483, 1.0370355111482878
0.24973441411395178, -0.19988696494052255
1.0248632537085982, 1.1532405636199674
0.8581908398097022, 0.9736394277917402
0.010997667444904184, 0.9017048358034427
1.1346616321299259, 0.8353548874555422
0.11800137370869931, 0.868451460838088
1.03365870805682, 0.8960495589969504
1.0494195610332362, 0.6971553163533661
0.18763325855613253, 1.2420903218216277
1.0726917790656703, 1.0593528823845721
0.12392436221782277, 0.03609498704232987
-0.06944062904364018, 0.06944589907733431
1.0953333437715502, 0.8751436693438884
0.7632820402493214, 0.654216982651997
-0.13170729945087611, 1.1390018077323374
-0.06850950251144731, 0.9137959639464973
0.7630357819355327, 1.0660330953166215
-0.005922854839916618, 0.8932301362207334
0.05291653933413564, 0.8409638442437641
-0.1702235566134012, 0.2384175381118897
-0.11456380686307065, 1.2407912645227117
0.12462556325007713, -0.04197822746561811
0.9548455031410936, 1.0033733707215495
0.042559842909186685, -0.011766978894568724
0.9495291044176165, 1.1117385370721535
0.9614144213889286, 1.273248247423915
-0.08122934453727847, -0.15629721510545339
-0.01641394623343343, 0.8513220236397321
0.1251588803835491, 1.0121590658649877
1.0375994761264595, 0.829222148881747
-0.02234897662016795, -0.11290138515818099
-0.10602998591217838, -0.14272496570120802
0.028654033988555268, 0.9671524457122678
0.08412459677784825, 0.7838367220838027
-0.12157114639285409, -0.27296164994495153
-0.13152087598127246, 0.9436440999995264
0.02357910810651679, 0.20789834233802756
-0.016163136503610936, 0.007925842771576885
1.022759970767539, 1.0207087567989643
1.0502435078047871, 0.7506118381918233
-0.1382931307378159, 1.0510899718831304
-0.2117972091674241, 1.01344534054967
0.044347198250437946, 0.07652162775524583
-0.06503998463363103, -0.1996225723868647
-0.16884117544298186, 1.1219967226007639
-0.11775942622402298, 1.2985656893153275
-0.2238970472900323, 0.8499887154167043
-0.17792826861907196, 0.9629565346020436
-0.02111073859931649, 0.8081569354763708
1.1639257447017535, 0.8463280600354417
-0.25565520972036243, 1.1153219175294586
-0.08007167758929445, -0.06805258898667081
-0.2005347984966828, 0.09231344948513052
-0.0956254081257182, -0.11471935411169266
0.13324413219235737, 0.3035100743480326
0.18155142257868734, 0.06171306502914989
0.9625915500165354, 1.0514583532888777
-0.23822250754941351, 0.12293688925208042
-0.2749664217872419, 1.1623041562436645
1.1700747254348856, 1.3181942723094964
0.17248761195709092, 0.33381709632767403
0.9011704799694589, 1.150293432604876
-0.17464488242698142, 0.864414172922043
-0.026056043898075525, 0.9402309858689739
1.0417161339685281, 0.9978734264210743
0.9189902700302476, 0.8277943134703928
-0.04096499809407766, 0.08389954237505896
0.06593162215317763, 1.1515109919035045
0.0856508078400363, 0.12465464526323619
0.23989061652637106, -0.36713691289336264
0.3241028760278271, 0.025953979277076097
0.28962772878827725, 0.06989716097683185
1.2275296593378235, 0.935222171666638
0.21423431710685206, 0.17780170758118108
0.18604679655692016, 0.034773402472735145
-0.25812433820491515, 1.1082362092977849
0.023686674625464067, 0.8122141487034992
-0.171226876950792, 1.062645435739649
-0.01767355583130694, -0.121951782496358
0.921271707465459, 1.075323102380387
0.9639695502442933, 0.9995105279174029
1.0254691861468987, 1.085034210816054
0.013686820100884742, 0.9964561934851154
0.146529820523683, -0.06201121478994928
0.03342523614242476, 0.11630127106142374
1.2257561947125373, 0.7596600309923389
-0.033327489889854574, -0.0010666524334674873
-0.023763192700936617, 1.0933933424170938
0.06843374551309682, 1.3611804792952809
0.02720005186267934, -0.18125924774013322
0.057757891449250115, 1.038740946421157
0.11526807405514258, -0.16709292886926105
0.9720611313293718, 1.0487281528718062
0.2634871804524884, 1.162292492816257
-0.1816601475441426, 1.1108657960901274
-0.17970603907867386, 0.8867560811470242
1.1368337971963627, 1.140828085868906
0.12520125626222253, 0.06583764808344263
-0.06843568269293508, 1.2327781318748015
1.005180880354066, 1.009227141960915
-0.2070577946651814, 0.1067805184690703
0.13654541990814634, -0.17136427208734953
0.825476563225377, 0.9645919404258994
0.9436485748572552, 0.6148464836511789
0.9105016675514627, 1.0239858978553067
-0.3381512893268574, 0.16161832726197128
0.6456101999332051, 1.0065212712177154
0.8865951054052146, 0.7512426902468454
0.12169920906319197, 1.0004894790100696
-0.04221679030062445, 0.8978512837282954
1.1443922372781457, 1.0349166183908707
0.3465897982865313, 0.6538617372416742
-0.3330957838640915, 1.3141604741243929
0.2847469083735812, 1.1318630696657597
1.0013140414471673, 0.7046542659801699
1.0571599144741843, 1.019592838183717
0.14258944174994517, 1.042670385861356
0.1299805735410571, 0.7588761076286593
0.8930792752509553, 0.7166108729493632
-0.15743012910841084, 0.09779241606908173
0.01971932071936753, -0.011249153580694064
0.89593809173943, 0.8300548877338487
1.1339920866499429, 0.8085373328079896
1.0371222126465658, 1.045659046748305
0.06705444075496406, 0.18050426653906432
0.05897173823028203, 0.9451518316010862
-0.009433996721525105, -0.02855335810033312
1.3563870244135146, 1.027626071986061
0.14068578991171948, -0.017440554239361913
0.3925079216631818, 1.2117782760547695
-0.0010954865205740863, -0.024483264826932163
0.8728874526881095, 1.0604166932384862
-0.3272208545414257, 1.0892528146492007
-0.21842513252662898, 0.48575879779030007
0.010830495769650839, 0.032470819138685963
0.10486358569994175, 0.2231275279899456
0.04898034710710611, 0.14713752483213277
-0.3212833603126411, 1.0687414521752288
0.10353740113289668, 0.039176281827233955
0.725984398934036, 0.8716014892016622
0.06816539859167686, 0.08156949335554416
-0.08458322847389067, 0.9898926558313041
-0.14143984104639937, 0.7651675879988555
0.9038735998258806, 0.8964276691280078
0.012893939775254852, 0.21800431142500545
0.9359024685689175, 0.8318669557121294
1.0236465900574372, 1.2185047256476522
0.15196535876459047, 0.06551401952053383
-0.004032549551381526, 0.01861038590215956
-0.003462099830656907, 0.8774154405546687
1.122089125328848, 0.6176753428650277
-0.036155586918501285, 0.03775068938173884
1.291031802017525, 1.1028204854617798
0.8966373371224526, 1.0275062033429356
1.0904456749222882, 0.9254659703654502
-0.22904188046261625, 0.6985923785908148
0.07201044170393678, 1.0258464876315103
1.0087512847702091, 0.9475585486469089
-0.03477480360278744, 1.0137691286386408
-0.24533540010722943, 0.8310581890685713
-0.039378310689469266, 0.0753289341581463
-0.07491317256508766, 0.9298925399322586
0.10536109344362876, 0.892787452072966
-0.035452842497133236, 0.1087456131622364
0.7143817070361902, 0.8848776396994241
-0.00291683371183908, 0.8252605455910201
0.9606407542199467, 1.2282519108044032
1.123494763740869, 0.9593319539850643
0.9184657931229507, 0.9760579693569128
-0.30255603560907735, -0.1512220843351985
0.22282512916264607, 1.1291817834593691
-0.16152755601473487, 0.08050797996138934
-0.08962272911400453, 0.07183026132442816
-0.03638400024311506, -0.024054875811133896
-0.00814487078555323, 0.06781753551704715
-0.32349400495033936, 1.1826127208038735
1.0037248611907128, 1.0321977073814514
0.9793747134372187, 1.1997323357484464
-0.1683917498713237, 1.1144413038233087
-0.09721080694339754, 0.14380247557912348
-0.24337819483644232, 0.8738303539827541
-0.03523537655735338, -0.06508962354504
0.09466232863471655, 0.8173756800741818
0.14183141244829361, 1.050515552727714
0.03471724803879863, 0.9782935444133696
0.972981974347268, 1.1446853811827133
0.09071556341559381, 0.20372515803772748
0.002374371855024425, -0.003131482586440954
0.9725682498937831, 1.0578445212253034
0.1919100091969814, 0.9797098412056762
-0.14596699471398145, 1.2827745931127925
0.10316788163211169, -0.027988482262204822
0.7794208295883388, 1.124472401284589
-0.28104395547125577, 0.6262643879376275
0.7131568123393984, 1.1837624469003374
0.14219713071216697, 0.8302897023877169
0.8735359062255657, 0.9436849288589724
1.0311134572159264, 1.1299146927204897
1.311827195454919, 1.0000427324390384
-0.3614451532627582, -0.10715882832892755
-0.1847004041097273, 1.0843190223507537
1.0113428159694589, 0.722684863110238
0.9481377907702149, 1.204529400141505
0.16829992419699108, 0.280331453391053
1.0298834896537945, 0.7855644435038921
0.04370020628791122, 0.23098745398180678
-0.16863652336016197, 0.8313189118964737
0.9211807754098549, 0.9822810553704867
-0.3166807704938187, 1.1780553173199946
-0.06622217958288892, -0.03572938090341066
0.9976096152043247, 1.0271753286680423
-0.22758617018372793, 0.9818724105485447
0.07045321867695208, 0.2573509252245591
0.9421627820061415, 0.9681420261828444
1.0394733131157685, 1.1867167847274314
0.08835787591104759, 1.059952588324899
-0.10402411239928831, 0.059970212410461354
0.9808367571069082, 0.6721931306692681
0.9442259972256397, 1.0594193509873924
0.15763476957608255, -0.12520857240780356
-0.09333491696706558, 0.08292669503664817
0.10862252885288935, 1.0016936029392773
0.9529770498707876, 0.7547191810748686
0.856106509534871, 0.7026489852258501
1.3207033896332532, 1.1233185867348257
0.12692431516488195, 0.9226211990820088
0.8540499722113585, 1.1253695003823054
0.016419105593464305, -0.20869288558052218
0.04691200154385775, 0.0803287362838059
-0.07477516011774282, -0.04726835119169311
0.10797572763604542, 0.04807597849680366
1.030728319477477, 0.9348721281609205
0.20429577824937425, 0.12485961790734318
-0.23721483129801466, 0.05358763726962502
0.03474883950096821, 1.174901482383107
1.1785359198610807, 0.830418653078824
0.06863004848240677, 0.2828855836196215
-0.22316491172060646, 0.16893582862613657
0.8347138304567259, 1.0674220272280108
-0.10634863989034272, 1.0590040283800468
1.0076103467548685, 1.0380558708996408
-0.02130019091536749, 0.16117421377725766
1.142803146721334, 0.8489002555444154
1.1083084765427282, 1.0271474458026748
0.12665264642875107, 0.7668739776049079
-0.10301392585180046, 0.021104620680793527
1.0524846164110893, 1.1519744900205782
0.08918896255504283, 0.9951771034568915
1.0013869126928117, 1.1944980853915494
0.754563392619263, 0.8747130526406819
-0.09854293595315143, 0.9823739260909043
-0.263403763125281, -0.00784784450253195
-0.2865779150257936, 0.018696237099217944
0.7145822696063049, 1.128675846165362
0.8949877060871058, 1.2375322354205245
0.07993994797680758, 0.034913923528976445
0.05746735781207154, 0.11787457208266125
1.0312945456145395, 1.0217123332727513
0.9683176951067719, 0.8628171582003118
1.220468273333235, 0.8613569121055848
-0.017262635768913123, 0.10289636255356627
1.1317923700223957, 0.8139377111868242
0.2237007069526847, 0.8584533481680655
0.7946435995911793, 0.9383201555492595
0.9560258530827218, 1.0477523656046557
-0.06763278730559252, -0.034059529316374904
0.07345107424260544, -0.10747563636169745
0.9982127728816882, 1.0594414781813686
0.7715555821825695, 1.123480830829701
0.26301156872227655, 0.12794740703467458
-0.24885580247963474, 1.0067674930965482
-0.05027656315032412, 1.071314362425192
0.9650129162853973, 0.9063931726866401
-0.17860022649989618, -0.024370271565176353
-0.25086486932319324, 1.2583573598545454
0.9604783119233098, 1.0849107955115807
0.8645859546416241, 0.6569945003539637
-0.10418569739043593, -0.017779085265530112
-0.04583604021177466, -0.02429303441314587
1.0780832252092274, 0.92547761788989
0.08462636914832813, -0.09443349076791559
-0.028973145381635534, -0.13817068597420823
-0.03511663432672312, 0.07884276068119225
1.0588208172128593, 0.747434179713488
0.00016266718996567995, 0.9033337442864409
0.03525523966311828, -0.29849475190241476
0.9295732823456063, 0.8680572650620442
0.14920499235159523, 0.08508317238025624
0.9114360715049393, 0.9195834421645881
0.9592346312354889, 1.0757167635652942
-0.10798964927236634, 0.14224659058403835
1.045248501789277, 1.0683554362246663
0.08673845182351105, -0.03715531937411476
0.014895963021420943, 0.009664377820576357
1.141138835306189, 1.0615128722674663
1.2114872145392783, 1.272099121558211
-0.16286243856058694, 0.703754591156947
-0.00701141451478654, 0.8980861109344287
-0.1600546862196158, -0.08802340182256833
-0.14196168648957191, -0.05047608318803313
-0.13409116344702776, -0.07766857853535551
0.6068681240076372, 0.7239064030786011
0.22573466846802365, 0.18624719079387206
-0.4203334156630138, 0.9055431608689507
-0.11586441852181706, 1.133257967123806
0.01570430870035984, 1.2380653517276943
-0.1820243766434558, 0.9361622023381808
0.16951038839693855, 0.09887745798078061
0.04389545663138566, 0.927862230796292
-0.2118788202753642, 1.1773124982012257
1.0831436985379668, 1.0847879868524566
0.1746806630091524, 0.7636789941016945
0.07380756278042297, 1.0873405230775124
-0.013216838473876674, 0.9610870639344863
0.016571342159248846, 1.0435739007059524
1.1787844487144015, 0.821180275834636
-0.24708293601811218, 1.0616632604259815
-0.023351453897240384, -0.16244393276271854
-0.06599474901863604, 0.963019038267018
1.1001491946328428, 0.8682455526808919
0.941407684294068, 0.947993298754614
-0.12170024645819713, 0.25259827901744997
0.2767785815313365, -0.06170930417467316
0.2642493113082554, 0.021616959898627525
-0.18857555095292441, 0.04702430363083223
1.034146502844542, 1.115083795540326
0.9562158805025893, 0.8999057094824557
0.04856071955985127, 0.1414411595840281
-0.1782397155062549, 0.10323370012685967
1.0319656012952911, 1.1406536543322916
-0.37899023475052646, 0.9938200690640865
0.6922478593951196, 1.2184409666757527
-0.1386796399938205, 0.80915882933454
1.011391861437916, 0.8416338200925619
0.10767013380815736, 1.0569702042818734
0.8004889993933553, 0.969388665595179
0.9386132727618961, 1.123637654124879
1.0460821179856254, 0.990081673416275
0.934805330027165, 1.211806923622724
0.15283795205412534, 0.22844316641591284
-0.04623081319352212, 0.13701099695414046
0.29921942460210876, 1.1128446395416434
-0.06648359840012191, 0.12685005489267615
-0.2663159889760271, 0.9131884352583041
-0.022519642889618288, 0.20820865508692626
1.0139644365952618, 1.103355155991676
0.03206600872740991, 0.03583496205540683
0.9204144882435213, 1.1577422687813554
1.0123484237401548, 1.000721315964543
0.02760781768648946, 0.8785243638231794
-0.286619588429415, 1.125944854853989
1.0620376677326442, 1.0458544744415252
0.993430899292213, 0.8957077556896595
1.1280939758303825, 0.920042293791637
0.2203092447109472, 0.03892461188846203
-0.11964930320658244, 1.0004864718812663
0.24631351859401507, 1.0847411420417605
0.9349621128415376, 1.0833971685248434
0.069225349840247, 1.0484335737984842
-0.2836222867906663, 0.9698945752067111
1.0643577770594304, 0.9048667564708783
1.0058388210474363, 0.8550807632418685
1.1304414406840033, 0.9629877435580204
-0.16198018840749237, 0.7369075293069505
0.7339617225684114, 1.296829700769862
0.08157404602372618, 0.9024151276572875
-0.18933489922643978, 1.0528615114048518
0.04353198278241317, 0.21342958455997293
0.9097742574929962, 0.8366439809952314
1.1230749409536083, 1.2798724639026897
0.9914425074961063, 0.7959050822241464
0.04710781732047157, 1.1058714008604917
1.1182007050919152, 1.127714783721014
0.21206928787649715, 0.9054734680717135
1.0087412708278343, 1.0109455498650808
0.007331494161121596, -0.18372497416830144
0.9265096123107484, 0.8389033513849796
0.2923606007532158, 0.8514931004407171
0.08636694806237595, -0.053459144816511796
1.0099361070382644, 0.6596058662228252
0.012811915640650965, -0.02110271947201141
0.19979367814146778, -0.22156238781031612
0.7668961494595398, 0.8238302629676921
-0.05371834761620156, 0.20054182328996134
-0.05783016124730518, 1.0596614080396456
0.09354873649623503, 1.2035715262546822
0.2910752180201681, 1.427930430308682
-0.17893060420922452, -0.07829976551256425
-0.1158447366398025, 0.2288942930364294
0.2523812572782308, 0.9741880762002997
0.9587652485663907, 0.8989460750054722
0.06917820763475052, 0.1511081600078739
1.0893200219503056, 0.9582503083818507
0.04226337721661346, -0.0699311152298286
0.11708597750701517, 0.8889212348352912
0.14527152396933063, -0.2486969026077065
0.09045804643964432, 0.8855366047829982
0.902447646412754, 1.2942866998694091
0.12051414641878216, 1.3716292039799733
0.9079897542107975, 0.855169332180024
-0.1572529314082369, 1.0755179476361854
-0.030108026559643376, 0.2596063710656904
0.1827604219463901, 0.8988113316142798
-0.006546194313687723, 0.07342440659291645
-0.16176567096992456, 1.1583224047874923
-0.04190570024379911, 0.02472434321121717
-0.12897095498250924, 0.03514326123775818
1.278634938773563, 0.9500547446301002
-0.06604990950170689, 0.05717401196004666
1.0283396713084365, 1.0085071569390098
0.8375283580494968, 0.8193579225318625
-0.13604676106154542, 1.2030277826525664
1.1469090785808198, 0.8278791091016358
0.9111467348364745, 1.0530583302104815
-0.1065894118859888, 1.030914048786041
0.007568572125124913, 1.1884481753806413
-0.15995183361578597, 1.0156242847951966
-0.16453105948408078, 0.1813451687990034
0.08007929452068066, -0.22109498122407445
0.05242208264571791, -0.10428079889308414
0.23755468725405213, 0.8316975231790338
0.996021078777995, 0.8493982682890691
0.21837421638599028, 1.0032706590636096
0.12243146536327539, 0.037227233071600876
0.13473180896689085, 1.3537837854126589
-0.08738179833450704, 0.9559522350139698
-0.3065460937411626, -0.26850314737735154
-0.20720619482804917, 0.033499119995156534
0.9123500057789325, 1.1113342406264488
0.887075346318643, 0.8975124261399335
0.9739103945148923, 0.9471075665141624
-0.20604065371923544, 0.07092966834194077
-0.1688624008302141, 0.046136421504199124
0.15848802934980727, 1.0492200158157423
0.1831152971942478, 1.0038785758144413
0.043154788040047784, 0.8574212944225135
0.0689844657175368, 0.8650658076508098
0.050194275323454426, 0.11539491771420979
-0.13876941444946517, 0.03563616251772574
0.17931712039464934, 1.08046179559521
-0.09128929013318264, 0.03921676059099245
0.2179896019535778, 0.7918682300141395
-0.05353352383344256, 0.9278925885514006
1.005010850391245, 0.918301683754272
0.27324990218295336, -0.02979237839832759
-0.16468328312596794, 0.7767544119167055
0.16487333590210215, 0.9846859459065995
-0.03787171737718843, -0.03391970669123281
1.0267551667400379, 0.8468183178001764
1.0264003182807877, 0.9414948126843883
0.6794718207457047, 0.9561267802381139
0.12050394156604816, 0.05650644797167579
-0.28774217188105083, 1.0507371116669886
-0.12709520756649853, 0.1458944224709357
0.07651698275188813, 1.3224215871122844
0.19763075298221305, 0.9618244259259259
0.2779008892798748, 0.7912530280896696
0.07647771408989965, 1.1395163131224704
-0.347664803132813, 0.049226274818888464
1.173190581741647, 0.8106447092143478
0.8985147924962306, 1.0298616574258186
1.0476032352048705, 0.9488553265320371
-0.28497108754432193, 1.15333745970794
-0.02215847038392235, 1.0313083058646677
0.12532256767180922, -0.26838508568098696
0.12537591664787395, 0.19117046187678063
-0.12007127214922697, 0.7287967159396769
0.056434226733038384, 0.09580256590104684
-0.07982484859780418, 1.1512743233573732
-0.04470964658708327, -0.11476144184858997
0.946624418968429, 0.8327704979706114
0.2739823876974485, -0.0648193623608973
1.0936874618913226, 1.1584138349070332
0.002994597757301391, 1.2347128677932182
-0.13821048559596974, 0.7820472941722628
0.08413165088461726, -0.0999092316208107
0.8661895490759857, 0.7880528419539827
1.0743778429073956, 0.9888875713095553
-0.08477171739143842, 0.9295452829282753
0.006076032674036126, 1.1238107940448232
-0.1587007565598992, 1.012215899130463
1.0610784809305882, 1.1221594060082907
0.2055487195147867, 1.4231841846527142
1.0513912974730315, 1.0055701212206767
0.9621316685701331, 1.1088908862661444
0.7089720123005494, 1.1761702452647698
0.2238788580410248, -0.28522433415830994
-0.040592378594109, 0.05957135366161814
1.1376133174670262, 1.105267880955801
0.06872632871292347, 1.0820816249707592
0.06627281319542593, 1.0530364166253097
0.9304067820865486, 0.8773756996142931
-0.06936522430526776, 0.30995824682338896
0.9634660845500982, 1.192194837333786
-0.026677440445684812, -0.0013105484986799887
-0.10537846499762557, 0.8805405243363097
-0.09203437572569716, 1.3279246227546273
-0.014291114364820794, 1.0111990320069426
-0.0644892101639267, 0.9352249549910484
0.896079240159875, 1.1684222382315048
-0.04579852125915742, -0.0828609829112547
1.0706524916058422, 0.8094984561409089
1.142992694653169, 0.7226413801949877
1.340843865009529, 1.0034292580476285
0.9549533207953864, 1.0562462161293746
-0.09186041622927402, 0.13873545796719283
0.17109019349948207, 0.17760836925093562
-0.16366315126870914, 1.0982690636855903
-0.04170379090143954, 0.953916571573886
0.8043377463874912, 0.9919200472482155
1.1109949554677585, 0.9227188838812244
1.178498681829529, 1.076752564269335
0.780236141504514, 1.1449907041021838
0.37165620813811506, 1.094054585316266
0.000302842220851676, 1.200283709314706
1.057878609559302, 0.9303269548240967
1.1373665287889403, 0.7448757089512362
1.2153451680547134, 0.8184225318120228
1.2920240668989729, 0.823461467258257
0.810564186211883, 0.9120915001111585
0.8129257385147114, 1.188930064915536
1.2422924866181593, 1.0661242244214917
-0.04603213486970058, 0.1618232079949418
-0.09811330010248011, -0.030033533473589055
-0.0806361576587269, 0.09928956342988703
-0.0240127304008057, 0.002096662733453882
-0.3235630757535402, 1.0510656548216544
0.012766940244387947, -0.1398815141097011
0.11722212474215693, 0.15260176561121247
0.14587821655701033, 0.9502458291357512
0.04022261997404085, 0.03851424638208691
-0.06888960519257319, 0.07125241050930989
0.018715023474086833, 0.9768876960255863
0.08229412756500958, 1.3989296856553612
-0.284228709689761, -0.27053084929754145
0.9643095686264699, 1.030265696678626
1.0377393224568823, 0.7573318894558854
1.0958041672154724, 1.0880484358186688
0.022262592108891505, -0.04557758834633836
0.7493908114894077, 1.0011718823656968
-0.06161110414129428, 1.3428127065162523
1.1988944801477095, 1.2143205717400012
-0.18733002633978976, 0.953399542936793
0.04453121952450027, 1.107965447509535
0.2833648102614003, 0.264449942140896
0.04329832410885911, 1.0732294304178671
-0.12682171000723735, 0.9356010394740498
-0.2558356686741152, 0.8908465996728038
1.080740014901425, 1.0634374353782952
0.9876526333878013, 1.05916524730558
0.8706105891136592, 1.376200379434627
-0.17965767512082456, 0.011505918381852014
-0.06463227121968151, -0.02823096880088046
0.0555771519623787, 0.8183245283939913
1.2594564050317398, 1.031925375392335
0.09091330034262542, 0.8527479220098367
0.29053222354377606, -0.34276321633734086
-0.2013413331630339, 1.305366131666256
1.0060398566681057, 0.9762455647954031
0.20711954820915696, 1.1534531538816473
-0.06777196708795827, 1.0156510482089836
0.06990143800769619, 0.0028407933014245814
0.7837525692158852, 1.0091540918226192
-0.12757216374256528, 0.08827695207275107
0.2446598631934436, 0.8524666634728797
-0.28956868941267894, 0.8834301049639048
-0.2512055293310596, -0.09492620120048889
0.12028671201074567, 0.817359665015051
0.15444299389494523, 0.28617197013590917
-0.017853647304959742, 0.12676079042980343
1.2566613435700669, 0.7389037611275635
-0.14904760250157037, 0.021412122597148003
0.08496100751312122, -0.1479902165715448
-0.12049492928660781, 0.08297868198039433
0.09871534263040692, 0.9685560020967642
0.04402172786473349, 0.9177769473481757
-0.07014433749110724, 0.17912465600620187
1.0975662603657212, 0.7463777039853181
1.3053842658954842, 0.7686178698367718
0.04400091893078749, 1.0813015850310248
-0.09333950829199407, 0.02566825176093066
1.1611552953355646, 0.8407553429306036
-0.10973032814977503, 1.1554537274375558
0.056045566618036044, -0.09740481719750359
-0.2486719878968071, 0.28188984572486653
1.0260300063015906, 0.9894505893678278
0.9328677481860785, 0.9034222106314499
1.2542348176272977, 1.1952557273663782
-0.16389315601659135, 0.19608478715874458
1.0523068138741394, 0.940307144190627
1.1909292226967472, 1.2429543486638066
-0.38321864629814195, 1.0790624075571729
0.16389112268076939, 1.0531811299600848
-0.19417611605054988, 0.9716334343694517
-0.15115886561697775, 1.1891505180128565
0.9761276864260937, 1.320580609812718
-0.17574120564702947, 0.9939578617224554
0.9747090560342366, 1.0525861632766216
-0.03847214327404468, 0.007246654795390894
1.1156397045648023, 0.7799599575860261
0.07917556803113551, -0.1109546547607061
0.9918439378716182, 1.0032658730028283
0.8985095604163833, 0.7595233024888807
-0.12480217721893318, -0.12944382346501032
0.10304401718040826, 0.9899814433185969
0.06077507057719063, -0.02804181139944701
-0.04147965818633136, 1.1410622835713145
1.0070291419880881, 1.1361433526226892
1.2684710402035666, 1.0094707261950155
-0.19037772006118864, -0.04352155059939745
0.09431110371262608, 1.1018930148514
-0.13828630217130006, -0.038213841455178955
0.14055553390989914, -0.23987856805028807
1.1619721228739697, 0.8758422458312659
-0.10835378834872861, 1.0494336601265253
0.8562006919426499, 1.139328548503614
0.11781515769653716, 0.09821393533959127
-0.0186724829360354, 0.7705876327844877
0.9171697655381463, 1.0219590814432908
0.7492188751746764, 1.1041710430575216
-0.10221489306763529, 1.0133786944645928
1.2062659429669098, 0.9238830319863244
0.07398571328199152, 0.9256342624808508
0.24386501892486695, 0.9651451374870269
-0.29960003224529785, -0.21260774474161576
-0.25340182690455704, 1.0455068888123686
0.09804991030125389, 0.9608069617823339
0.2045736955322994, -0.0790147441765756
1.2188314267764135, 1.0797453701654134
0.03823971876807707, -0.3625257482575756
0.8185923646750783, 1.2069513072529003
0.8344177215419138, 1.1686717698525368
0.8762892584147662, 1.1625469538895103
0.09485366925736784, 1.0126940263362438
-0.23951347844097243, 0.9378506448283314
1.139193040500543, 1.0368119642070135
0.0004982410022864179, -0.27267981745024683
0.7880165436936459, 1.050388838131605
0.03121086226561024, 0.9987541096343989
0.18910624367129156, 0.9571207666427377
0.21818566780858895, 1.1698688106028565
0.1619095948999116, 1.1457409800012586
1.0324553300740436, 0.9865847440455485
-0.06551120031498095, -0.05796000046962311
1.204606020744584, 0.9882204158883999
1.147402015587484, 0.8778237846631877
1.248553015430802, 0.8673553661384984
0.11885571324030292, -0.03903010581049957
-0.09231975523563192, 0.6099606360319811
1.0612709200325652, 1.064036130074331
0.2319671242796626, -0.1408902445388022
0.3212763242239645, 1.1235001078132485
0.09830530570781094, -0.1409543133362859
-0.09087501196184268, 0.02137310856201137
0.07899679854592707, 0.008954002394561714
1.0401889417215504, 0.7589542187221268
0.981961132520935, 0.9800158434883111
0.7288917454637119, 1.0195778942320672
-0.3073957162463558, 0.31331309540350544
0.9549907698316014, 1.058720863369802
0.08061636604990823, 0.264521146573157
1.0480403688111397, 1.0875626447687339
-0.10325722063421737, 1.1115131089100965
-0.07964173348160762, -0.08305125096925293
0.09118576560901355, -0.08314752585751654
0.08175054428571422, -0.08021985261393827
0.1872870592551326, 1.0142087521708751
0.08512256203213761, 0.974248057229066
-0.13471006991642254, 0.16361268143308985
0.2585395278107398, -0.038996809133390015
1.2058620648420355, 1.0198149206235232
0.1825426649122607, 0.2523802023740793
0.06541598434943204, 0.016957154721942293
0.02770867766551096, -0.048998810133717964
-0.20410900636217735, 0.9251880078498751
-0.06732024775592549, 0.10670119299406146
0.35784294313225007, 0.9137858989117648
-0.27418751553740855, 0.862988257544816
0.11022266381548564, -0.1322019515972691
0.15378356741762428, -0.15020508002235294
-0.03429680644178545, 0.9969619179322782
0.8439277799261602, 1.1434748679643567
0.176817776713631, 0.9396266613257616
0.8899443831831318, 1.0331475249497881
0.013575592293116202, -0.10900189815723178
0.19686450868344113, 0.8666541006165028
0.008834141381501834, 1.0608569213876249
