0.8918681561418482, 0.8957197329735174
0.8394728990699929, 0.7573366331297412
0.48796434756363005, 1.0123223866802382
1.1860126622032754, -0.4094085569967716
-0.047844125087463954, 0.31092523696229335
-0.9309902333596065, 0.05220865706116709
1.7940191452374545, -0.13416371068155317
0.8209346062148904, 0.11511001138661155
1.6275566061033595, -0.16117735590733834
1.0573024904500372, -0.32900189881200465
0.05427888095071104, -0.11813655844528997
0.2208651268911072, 0.9413260913556285
-0.7224145057659819, 0.4694964013596522
1.5302250674611448, -0.2672706964522473
2.0009152995747486, 0.33857228655276517
2.1451607851950847, 0.41906772220241006
0.4520769446729929, -0.3468860914264658
-0.6804938379815084, 0.7947178735725431
0.4109781881505842, -0.5072233438772531
0.457457708521185, -0.40807283670056904
0.147923198906648, -0.3963755647394518
-1.210463023505651, -0.0441917468322634
0.8630400819496178, 0.5941857984500603
0.2770500881996337, -0.2197299046954058
2.044045413917826, 0.4070707943271177
0.011532744323903048, 0.05419917763543358
0.9433852893155809, 0.5487253457336734
0.9211468704935007, 0.08966355154362067
0.9810293713398137, -0.5938761235951375
0.5090301706834726, 0.694325083966957
0.9494448828210935, -0.6829874130156848
-0.4273409785390828, 0.7525765772038084
0.4305745669735244, -0.3366071207652955
0.010370059971428772, 0.9735467597064691
0.14450984378822918, 0.07466513968338576
-0.7011505885832329, 0.7998283528546766
0.803519254318353, 0.9643366554418624
-0.8325234922306248, 0.10041284617402163
1.4370010549899264, -0.2537079572413604
1.3337882257766658, -0.45762555549398987
0.05133408185936883, 0.339747138999578
0.3798118449554927, -0.1601862071330602
0.029302490461928038, -0.040248418077371284
0.08087934075127123, 0.45958440640592857
0.95316878475051, 0.15109756401327937
-0.03398847862445056, 0.2984450671605601
-0.4277036973015259, 0.9684649635587638
1.530741492864622, -0.17121139653509246
1.9885839740932694, 0.27378472912934887
0.8004786711309488, 0.4778655806491195
0.055283259547921584, 0.013661167356252219
-0.10017475923143065, 0.990000111214355
1.8540411100067418, -0.0026525594045381934
0.7863568571788809, 0.291741041642916
-0.37896690879095263, 0.891379405676445
0.5717754852770767, 0.5436728862911254
1.904770717760813, 0.36398890325859856
0.9046808393103694, 0.13937969456595053
-0.10700623225024805, 0.30903579988132585
1.0321476850427762, 0.23882624571329644
1.0300560937972463, -0.6055851189189401
-1.031809799837733, 0.24084649177614112
1.5439669077893137, -0.35586484254263684
0.8134616397750302, 0.5642714114236091
0.59422296055805, -0.3131426997663691
0.9469650267241612, 0.5142492221463337
0.8452665191543037, 0.5147706508271022
0.8300938075280521, 0.033249346307124006
-0.6945261211939103, 0.8668182242053257
0.34684950590051467, 1.0861756133199167
-0.7928077205312445, 0.3748927560829699
2.1929821831246463, 0.46621992547410096
1.5986003612736899, -0.2836433468391182
0.9917131625329363, 0.0363943427228522
0.25197497987240536, 1.0062119597895818
2.1658524112362643, 0.45005407026346633
1.697304505702413, -0.1830054188497649
0.5066333677326345, 0.8636007224925265
0.19258741213225747, 0.0035478092644277426
-0.07094775281303428, 0.290710590318859
0.8352770847800699, 0.5168479549872664
0.11243564332288608, 0.24307700430788234
-0.846978802574369, 0.6004223040665024
1.900368585591913, 0.15351650608826323
0.30784666870401894, -0.24078039696639758
1.6567254813689587, -0.0016356596523725841
0.30230344655441344, 1.0463560472143014
-0.16715088827901495, 1.0559038371152865
0.980149609469974, 0.2855837693317119
0.07623087720861071, 1.1250436042413678
0.08420727592875146, 0.09859083765906702
-0.9774615280462596, -0.016835966038142552
2.106841728764407, 0.2268147779695576
-0.5183611354637322, 0.9178132678532992
-0.8467997494185672, 0.6501857525399111
0.8046764854197226, -0.40710737201238756
0.9615515459504804, 0.4071877887356884
0.9770368033264978, 0.28572831203151833
0.1844263853421172, 0.08186867915912685
-0.8680313140672236, 0.5003445561117973
-0.24578321667579436, 1.027397555860894
-0.15455113356450711, 0.9840314244527631
0.7540019917497743, -0.38966654272259543
0.36965559819986604, -0.2935802592209559
-1.063768390831919, 0.05159338804863993
-0.9484204028588287, 0.3713642074086127
-0.43462593046505904, 0.8775386158866898
0.28947188874911556, 0.881026943629273
-0.7038467356790766, 0.8529032903995907
-0.44268007454741876, 0.9618599151336742
0.5379416826196385, 0.6524016845942433
1.9149636802362155, -0.009103422279808981
0.3779262684298329, -0.44230827683651486
0.35234412871357207, -0.30050041576617986
0.47226441137031216, -0.08609628806628933
0.2560430221034519, 0.9266747324928671
1.0096186181421212, -0.4087677107885297
1.6456221135485798, -0.17683939709072533
-0.021100092256080935, 1.096834083821543
1.4930887665507013, -0.5350684158756853
0.9400306440211673, 0.5463451552699637
1.0565703184284703, -0.5309668026229541
0.4864107128442437, -0.22832755839983904
0.16816604179852593, 1.0094782985277642
1.0448092109749096, 0.21944820320883476
-0.22364799000457336, 1.1028313605763642
-0.9241851468641379, 0.7580806567472099
-0.365336427813927, 1.0194364377047216
0.5803625097246164, 0.5455699958026561
1.322397137631193, -0.4620175856944228
1.8325384480852565, -0.04846523521044376
1.4347917890880173, -0.5135150303723452
-0.49063950718247795, 1.092268104493737
1.579464301962833, -0.47894225175843785
0.9230271241350977, -0.4204072699116014
-0.15564073491213873, 0.9565836732233757
-0.04290925724621582, 0.8401874596395382
-0.6440284690908571, 0.5637034129761798
1.8212562504574568, -0.04749019614898081
0.6353846341086693, 0.4282790108500658
0.26758721798122426, 0.07477149977342495
1.959479451974666, 0.12212680189313357
-0.330571099410609, 1.21475239302486
1.6508225028595047, -0.11840529358072824
0.3673537913128373, 0.7972082278651487
0.7107179768552319, 0.019990733992500995
0.16218636539162126, 1.023333254398294
-0.9014326052933541, 0.31723128334067097
-0.5381331364903198, 0.7443663633958387
1.027515245134851, 0.28523868798930946
-0.523507773268939, 1.0943478524477204
0.6174574880045965, -0.19385452015789714
-0.9613451730072113, 0.8037570053129807
0.19860349302262656, 0.9497385510451265
1.1364076659915634, -0.42029415457751723
-0.8703854560484602, 0.3189217416618794
0.5681872047269315, 0.8237488593351088
0.5314928284577413, 0.8780622366726092
0.36280348528850936, -0.41846518364138735
1.6823703939089865, -0.2510543612581639
1.880146981783113, -0.025812935531300055
0.5367285738177437, -0.3792970298621989
0.6629845818996863, 0.5665053058957827
1.007089816580841, 0.27963514345226353
1.7191643919762207, -0.5271859999560129
-0.3622983407442669, 0.9887227555045175
0.1483850011340681, 0.1338907658815056
-0.6073361393677177, 0.8511082687878054
-0.83701140817795, 0.6415749341804728
2.031434504666398, 0.17871589279501865
-0.920840650492658, 0.11668972990203347
0.7857296639263295, 0.2365770941086338
0.5270198050707439, 0.6999656748472377
0.8902901941166607, -0.489900636958124
0.12082822044910276, 0.1484970286996102
0.3503313946077796, -0.2369816495301688
-0.617105889054894, 0.6987722375346084
0.18485789281147158, 0.43975625854181877
1.5416077782184974, -0.33432547003682683
0.2498756678856517, 1.2095125950527716
-0.8642451330277205, 0.29611566469763906
0.15765289267749963, 0.5378032822098879
1.2285853589704567, -0.3217600570625103
0.8231600649415529, -0.5204740864097148
1.8259697625591864, 0.07099423376473635
0.7064366989224972, -0.5868037251950176
0.2914897719618612, 1.0980525677447106
1.9005757992889705, 0.008840730703718824
-0.2853974990421863, 1.185708359408075
-0.33416336522070345, 0.9738583397254567
0.851868386056427, -0.5510268786559588
0.8847042284596055, -0.5088742641713224
1.9016069675345124, 0.20536054654628505
-0.3009707699798019, 1.005112593326917
1.0481257626175557, 0.2089839202813361
0.5455741926331751, 1.0799108353744715
1.8685503914305484, 0.0602649072043058
0.46060757015371356, 0.9475537086936737
0.8546006424996291, 0.5096397890765674
1.1799253995297436, -0.4205259952513103
1.9845382832292873, 0.4027168638771118
0.02570499231229781, 0.06110116718221649
0.3101477491534728, -0.31539612361917774
1.7742603320716885, -0.08462965344560032
0.05696265519714263, 0.12729805055101578
0.004699998195466015, -0.17080980039137073
0.572083574061351, -0.35069321604465276
0.14576043585891502, 1.0453418038264557
-0.3392778710739892, 0.9868579203312271
-1.0041038261671638, 0.40862774087910037
0.38772364713913443, -0.24072617677570343
1.8218685171061713, -0.07704820581706837
0.42412712880938513, 0.8564986726064082
1.7685696215846693, 0.2961466245919344
0.08373573286706171, 0.2357066879987253
0.9298454859700551, 0.6302997620681743
0.9273684557120341, 0.6562374525722882
-0.9652134009464298, 0.5042499739695351
-0.6392195547110883, 0.5947292296185956
-0.759092140292061, 0.6388601280416082
-0.13270507846422291, 0.8641755583917474
0.8090673182413962, 0.591920378602924
-0.2873655067672589, 1.0074006354803084
0.02677545795071642, 0.1370008763697034
0.8329153148696194, 0.19086060332410726
0.8428611709667384, 0.3545243623085215
1.6124055120634797, -0.4295859143738905
0.572447692502068, 0.7209665151989098
0.24531331561916922, 0.017327349368640055
0.2377081576034955, 0.8415622483206727
-0.9285886635939029, -0.004972523810160051
2.003782097368304, 0.38874359302026534
-0.21414382622284583, 0.8587560176505827
1.3967493346199236, -0.661298808566043
-0.00964139576633339, 0.9788558016944149
0.6873631554342305, 0.7841160960929718
0.003248477513801464, 0.4050987683294163
0.5818248609334079, 0.871559798907484
0.9332262346823912, -0.5220535475987831
0.8325901176516467, 0.6475197491368603
1.740483164832003, -0.2282355707814741
1.1969273289243985, -0.4969105294787889
0.644449312882384, 0.6936328227150322
-0.7574110458771174, 0.530110201637392
-0.8639125234644306, 0.6241326366706135
1.0428929747269042, -0.2215244089990826
0.9547332616126841, -0.4891887925783996
-0.6735102464716551, 0.66826009773453
0.8950796052254423, -0.6229076959236992
0.8966610790419896, 0.579236071735157
1.591606410985456, -0.06122953243721929
0.40300244670863206, -0.3215032460421279
0.7377214132052536, -0.6511267432269765
-0.505636093403952, 0.9107095115881106
2.2000427597170065, 0.21529415857101014
1.6446076617968977, -0.3224876805342578
0.8223168956072753, 0.4068689755937908
0.6304989122376133, 0.9518525906219634
1.962905742412782, 0.33122347746411274
-0.8212085861993084, 0.431829709301297
-0.14346661983491132, 0.9736548452805303
1.1744763489216492, -0.41873436968967526
0.6073588137139846, 0.5302965244204192
0.8658293023070315, 0.33551045724978656
0.9296307189031262, 0.5083433785433786
2.066727134211296, 0.555035312098727
0.3199934470553466, 0.015986137631149488
1.9707147496941755, 0.13450393989116816
0.8929341469378896, -0.0813445133434941
0.2996985279932083, -0.019682601001455302
0.21795256051391831, 1.1199229531906998
1.653581059247509, -0.23349365528800423
-0.05222352263662626, 0.1826252899234853
-0.259411674112064, 0.9602324005256562
1.3148514255011465, -0.4208322016099525
0.6339413107159725, -0.4302889789684684
0.9774004222111371, -0.4611147280407903
0.13416233552699658, 0.26860941198598665
0.40106396255708937, -0.13817500056268334
0.8736027401383267, 0.596230505676753
1.4243390965507132, -0.38967593268906503
0.06877393652587055, 1.0225291286289362
0.02500566176795922, 0.27076859919013563
2.0284721556953818, 0.5411854680655732
0.5082306548439819, 0.7667858222561906
1.684711143355101, 0.04549560114416204
1.0927899642898062, 0.2955023411901084
-0.07746365215518514, 1.0159527110531328
0.7522793978331377, -0.4165111674117215
1.0796411309406708, 0.29882301816143875
0.9999989172220014, -0.5384771505543346
0.19237749122059863, -0.6282295350615391
0.3984594327598042, 0.9171939733701687
-1.0286207392842204, 0.28343069922063735
1.6284351496372442, -0.23241814381721507
0.8482633470442926, 0.4361689851941901
-1.081875242783259, 0.2593335998168144
1.017419266209993, -0.484091108612161
-0.9797145426285617, 0.07195120846402166
-0.5116282712672882, 0.9636929445325023
0.17405479436590404, -0.28066559949356734
1.3092477340213626, -0.4146878636601697
-0.8282829990665909, 0.3518252144109692
1.6921149153324457, -0.45439817691385526
-0.15214090053821178, 0.9328744994715195
-0.29168790489461977, 1.0131524092158049
-0.44466304512005284, 0.8520931147091694
0.9642547486089614, 0.3739952877495465
-0.7743674325670623, 0.629936853873338
-0.7294630830420865, 0.4582218131626887
0.8120301092834498, -0.6269196694082511
0.2955397154043665, 0.9444738386323145
0.36945356986134964, 0.9833779764577276
0.8951090577349053, 0.3816860955260942
-0.08522245124547427, 0.36912708869066685
-0.7848942039650959, 0.3925523333580018
-0.7811766671266491, 0.4811388709646149
1.6262194844227549, -0.2552522606678176
1.214749305810342, -0.4921140022051096
0.9633985544546341, 0.4431357668033791
1.9433684343769226, 0.0670410328767621
1.5450677378747482, -0.2481025660271596
0.8992890123962677, -0.008044621891210718
0.6740311008706168, 0.6695141435608797
0.1426930760453702, 0.9285803807748505
-0.9853494394485508, 0.48635330407123095
0.5611572055311311, -0.3132421476190174
0.8907206363766488, 0.5595245959626995
-0.9288664677579965, 0.19287597846720783
0.6610623926184735, 0.6216361715200548
0.4650185541121653, 0.8309911475264298
-0.22910405054818503, 1.0246937822540318
0.9762395112241747, -0.5214836140353803
0.03598544310476022, 0.08435420360587187
1.5891375862122843, -0.281395192736722
2.0129627404228603, 0.5814758493132675
1.0940208116674968, -0.025182958503289415
0.37047237604793437, -0.27676328408221423
1.0185102881532637, 0.15931692356913202
0.44816618859397805, 0.7839818321765389
-0.6581715926499508, 0.977149758182805
0.005922604942353769, 0.12877703474943203
1.370385817610083, -0.39560774237959007
0.38501795192766985, 0.9479593422902199
-0.9439229104327975, 0.3568768247010691
1.45979479380963, -0.4011060737088948
0.16167222959892863, 0.19576516733328306
-0.10564779807264818, 0.9131104958037903
0.9637636460797766, 0.4950981117133435
-0.31790317693208625, 0.9258954149613603
-0.8190226767265614, 0.794399192429543
1.1832826398237062, -0.4748696966337318
-1.0272947368927703, 0.14174651302075827
2.0760982176623948, 0.4189299024377722
-0.8938754463248253, 0.560668329052329
1.8493552277570193, 0.2859141185620553
0.7200089718283287, 0.4057514058342519
-0.7537290631915143, 0.8093631702096903
1.8233397127657751, -0.12748664462673504
0.04202641079737781, 0.2392397553201019
1.0364657232666283, 0.40467126742711595
0.6399942587861788, -0.3972569179721496
0.2540366633670086, 0.9419649904250619
0.8773573465886594, -0.5351601001696213
0.444545222105029, 0.8912167750658251
0.7363923072823365, -0.43594468107724754
0.0032924884591654796, 0.16923335925140737
1.927099223929351, 0.0310383452388949
-0.15631826208301247, 0.9365464798405126
-0.819484642394635, 0.969457740576963
0.8358973604341207, -0.5398950530559763
-0.8296641621319429, 0.5169957384952782
-1.0095084015649203, 0.16142770954269373
-0.9868512769442473, 0.17745485974629274
-0.9094974711013064, 0.6597533583137902
1.8816462401062841, 0.3258830619269405
0.1133090709578032, 0.8598313228402609
1.412863465656134, -0.4809596741859975
0.8970094570956628, 0.4354082649650389
1.165471047650083, -0.44073662847021283
0.8076996351042741, -0.6305562023801229
0.19765907718874431, 0.6727285404674553
-0.27678496442329587, 0.8001969420897295
0.591461741595658, -0.4704193401256449
0.9399446583027257, -0.4843152072404037
0.5202769937110118, 0.7632497913429849
0.8366210999468768, 0.6267953622992013
-1.1007012937768317, 0.2354733556719007
1.0748500764886857, 0.35496206217242277
0.8843805954020714, 0.12080913786762573
0.9241925172353653, -0.37918480278894595
-0.9236511174593202, 0.08883074978303475
-1.0939607158250462, 0.03980185344534824
1.844618014985504, 0.23641173705426768
1.3540338308510078, -0.5006376032033731
2.1257744100887255, 0.4124185697515214
1.8818758469450088, 0.1733890771904794
-0.20236820485267068, 0.9062606078982787
0.7796406247367589, -0.5498073164792195
-0.01578742976782467, 0.35330268635996154
-1.0916466817483286, 0.4393820253350287
-0.09952974915637243, 0.49134184669235464
1.3734221809428175, -0.4137700659082663
0.5854331114181593, -0.3658582220330905
1.496788683208975, -0.3772465321905637
0.8796602472876923, -0.5869292291585456
-0.8874218196746803, 0.5687126780700384
-0.2120708535096875, 1.182606911101308
-0.8678279862215944, 0.27350083823775895
1.7742024027367516, -0.08826489547133685
-0.9644416392155849, 0.6152197744546203
2.117783917990064, 0.3486314060712209
0.18259663169697465, 0.9503512635603225
1.739877206903398, 0.0041637301239644195
-0.5565750379002823, 0.6376478897731173
-0.37238176287348407, 0.9962056114285431
1.8988421734744874, 0.20517612107583605
-0.9492112283194742, 0.3155987933140244
-0.12325051973463158, 0.3995450037968601
1.667250445932471, -0.2877764774838631
0.1513057976058477, -0.061553276382459186
-0.005841298761865465, 0.3709127154948197
-0.04517957679651857, 0.4773881327530162
-0.8085384388380719, 0.7158374120623664
-0.877799625141588, 0.42254993422436177
1.5535765204909882, -0.4187080583442897
1.496737461649988, -0.333329960363166
1.1782722232892833, -0.5796129241405864
0.8661951234869906, -0.3424605057795393
0.884071034077464, -0.37929027771653934
1.771660692462286, -0.11729461515927227
-0.8477814716705503, 0.4518985635541548
1.180700468286802, -0.7139430810934347
-0.7981534439454702, 0.4938937359311625
-0.3645058964564205, 0.835054924826802
1.7349325293567477, -0.3393247524532448
1.0288749202086864, -0.04885319781923178
-0.037374543045063435, 1.0980465541876896
0.9565438139754804, -0.7756482583687245
1.896391415888701, 0.23681714602192452
1.9976074221173958, 0.35265353788318804
0.2622884889426558, -0.3318146196076529
1.8015424468193482, -0.07173524612438145
0.7715528517839844, 0.7123709358400465
0.47364022742459455, -0.46241382234916145
0.7895849411655683, 0.488312746530156
0.8975072842283977, 0.5392614917667696
1.7150695722867106, 0.25035575890534945
1.5843787499681652, -0.3658016403693351
0.8054938151667137, -0.38545505024822
0.3909803715141022, 1.0260682978234665
0.9814981013396931, 0.16629443661100318
-1.087540644642281, 0.033348885662247356
1.3357837353683177, -0.3598850315382816
2.1214056635996528, 0.5192045301596764
0.5625722920686431, -0.4319489218899425
-1.0218038080163074, 0.028688650695664474
0.22754932560842617, -0.1970220488955527
0.9782753271949599, 0.48044915865816407
0.15625035024116934, 0.2318769427364582
1.9546213359491404, 0.1360344780108944
0.3077785586005725, -0.3534533063886456
1.155205623831618, 0.11849468463794777
-0.1331978440915037, 0.09089535068159504
-0.17586368135329672, 0.9940045955176185
1.520183705010262, -0.14646532721844616
0.34170157719256045, 1.2928579289838174
2.043458471809783, 0.16216072170878532
0.552682200975472, 0.8591947906517969
-0.2450823126313788, 1.0640156429489283
0.8403623542771979, -0.3575402587072488
0.4127906397976428, -0.33525500180463463
-0.8972410607799417, 0.27233239781852364
-0.7993551921460752, 0.854253982755045
-0.9958822041216663, 0.5062520408530862
0.12103446693019271, -0.09702143668726947
0.06660294154829263, 1.0007050633903716
-1.1228468501773663, -0.017394180862072683
0.09961183934274245, 0.01709028587483903
0.6042754350389448, -0.3720696992653206
-0.025072518450742765, 0.8982433206622872
1.5319925541832917, -0.3221597030125002
1.1446504952156658, 0.1775719786862577
1.5774488785936283, -0.23670272514305762
1.5352402088786168, -0.3396570256763566
0.14520209203095635, 0.9954539440949214
0.022099987835806106, -0.018314039292445017
-0.19427248941412933, 0.27613350078124477
0.18196459027161244, -0.23704452636120626
-0.014256876302920024, 1.0721995921019551
0.14446507027123895, 0.14916789976166556
1.3985717056709843, -0.2983674558675553
2.270249593746615, 0.40942404401562993
0.8375297700501216, 0.6779928849207936
1.0931140780199122, -0.4874001227139273
0.7859997769222066, 0.8776586533817978
0.9660409586405182, 0.06208569118072718
1.48533308785009, -0.3877394564572999
1.7138775556435424, -0.2593640088286001
-0.3080729831661965, 0.9404944744516986
0.3624588265468742, 0.8218168572736555
-0.7188923031752967, 0.5554795328682579
0.34209883080922937, -0.04609114966303285
0.24510432881376282, 0.7738384311082609
-0.7851081344012708, 0.2814151947240545
-0.5821225469637314, 0.8382553818941341
0.828396882108319, 0.282246985289094
-0.5525681539494217, 0.7558061964851973
1.0958118875547675, 0.25781109109846717
0.8018782395923137, 0.7593757295039437
0.854551564462894, -0.459015032789152
0.17905922673645913, -0.061454076188876335
1.7726958894552858, -0.33413640281344525
1.404762126847476, -0.38396408293269246
0.30976234631760635, -0.505748159966071
0.9805325381298371, 0.08955815558609681
-0.61585148950317, 0.7879227095533602
0.12939030001141658, 0.3585525901979343
0.15013376391716557, 1.1233033282929321
2.0741173629747163, 0.1353518149279214
1.8347920902015884, -0.18117324804624135
1.6964801214417182, -0.32794779734618595
2.04804902917639, 0.28643756251278735
0.022783708211958895, -0.20821156753953152
1.835387658551148, -0.04045045092409563
-0.7508884697665524, 0.7538009343756427
0.8556861613581574, -0.3858117917226156
0.6127214152839306, -0.6218586292477069
1.670466101680313, -0.19442327961964592
-0.07819912297261944, 0.3834307525967726
1.7769821001312336, -0.21426223045613946
1.9516654998789553, 0.2453120060071907
1.8263047818845453, 0.10720537523830591
0.30710976154427233, -0.17891998039280177
0.17460902683270585, -0.07847299355287912
-0.9518783809443391, 0.053437702449973715
1.8637453316045807, 0.5098319705693115
1.3468847084654108, -0.34862814741768877
0.6639313321448571, 0.7599902218377789
1.9541955825925592, 0.18463483932204697
-0.8501843565789259, 0.773451620571978
-0.8541608829710122, 0.5167763486633851
0.807461786168998, 0.6930589889994169
0.12264672242526017, 0.10631701059513154
1.1491484946044728, -0.5962516852902332
1.6607072328635104, -0.18452803142889335
0.5447862850330751, 0.9315194363704148
1.92364581066006, 0.10463831566437766
0.38861047988010333, -0.4517654613339654
0.08594626037940582, 0.9161964659485793
1.9111533089561077, -0.15868574160706234
-0.06544855515701131, 0.9908512593577081
-0.32357709017671654, 1.0671184003298895
1.041519796135822, -0.362885567190378
-0.6594159875398389, 0.6538521510611564
0.8215865958129713, 0.6847944086627429
1.504096381831508, -0.45664991047398823
0.885316461503166, 0.5509061038556278
0.688430254760305, -0.35348902822073164
-1.154747155877909, 0.08615577929675042
-0.9050436428303613, 0.02393893891606988
0.7060678854078333, 0.6775542106321055
-0.1520294426192019, 0.3301264148246482
1.7812492179222899, -0.25817449664280195
-0.9361758993581745, 0.5843091199529165
0.009444572874523605, 1.0305607267176602
0.11617837105572587, 0.42738946291284713
-0.5008512925998586, 0.8014924574828154
0.5036989627557886, -0.4638122389146636
-0.9640652592565513, 0.5984564303637723
0.764876844011691, 0.3001547108998063
-0.2720204884801223, 1.0866273362983199
-0.011177197315884069, 0.9869773990850478
0.029087452124776647, 0.17532949867517783
0.2386329677816226, 0.841321172747926
1.8377045061426114, 0.05734578085570465
0.866019767600218, -0.09885255291693516
-0.40936022943986017, 0.86033911320396
0.44637962547798904, 0.7937952842953818
-0.8039983264634679, 0.7802816943473158
1.7004278132824593, 0.039890995465321766
0.902260344273863, 0.8885603381725246
-0.10683788963330215, 0.8901448560538747
-0.17262956358680612, 0.1688433303535556
2.077507045503297, 0.13373298694862298
1.097289029177786, 0.03565724511340306
0.43193144682811185, -0.2727499037943187
-0.20473677970989015, 0.9272437559031583
0.9620959356828483, 0.3360150142961146
0.29304503010713, -0.057195566921573154
-0.5492540811245411, 0.884445946549385
0.5856968956575431, -0.30700906919521276
-0.6827385353549364, 0.8744868193081875
1.816091035033557, 0.47014345566721677
-0.9175099660580294, 0.08305695190119688
0.16475074310413704, -0.09880431847403628
0.29285957267010865, 0.8623232331376379
-0.6050159342552943, 0.8097270785679563
1.5611516836859385, -0.49552733198665466
1.9049717877712922, 0.3012412172309743
0.8890197270749507, 0.30632198939675237
0.9760253810616912, -0.5049445678422576
0.7485760077886198, -0.484172061308767
-1.1402990149684085, 0.07929217140659477
0.49261573613762055, 1.031319225538244
-0.7549156706481286, 0.5068832497450384
-0.8800904460480108, 0.27919015970654204
0.7059278035407578, -0.3716871014303412
-1.0182572684568503, 0.3578026755783823
1.8131184583655682, 0.07531396832533534
1.1742781243155402, -0.4599101259237467
-0.6210430480805073, 0.8373094566759831
1.20928264582069, 0.1208899379325539
-0.18841535414282556, 1.023499646345868
-0.9284066713212445, 0.2983891992133166
0.22537219319151594, 1.007505942271227
0.5902279698929361, 0.709635434321457
0.047491313110212444, 0.9400269428955432
1.4424789500681894, -0.46694498825707703
1.7013970850278248, -0.2883613140178203
0.4423027134162822, 0.8961007301800082
0.5037654933968003, 0.9641999299923711
0.4067740195461604, 1.0105642972361601
-0.30853832120779856, 0.7292421785321699
1.0791097226421065, -0.40357817799569434
1.893048965770485, 0.13894870039881174
0.9755459384948638, 0.1777888568361774
0.9566571030182007, 0.07984096765363444
1.857938221499051, -0.01741247559463758
1.8905964100599832, 0.13981733950331363
1.0466881475770018, -0.48263291793894897
-0.7768245451422584, 0.6490951773416281
0.21949165493739567, 0.9438590081097398
0.27566045234802133, 1.0524792248225188
-1.0606030779218578, 0.27940917336673715
-0.8759652565902565, 0.5125941314884255
-0.28586766344906567, 0.9871169381657598
0.30009459986305015, -0.12493792460192232
-0.26207565790662, 1.2490420935448245
0.5565759175768341, -0.5088363778282192
0.0712719896374787, 0.22327382074329408
0.7408073511423845, 0.18065807035303266
0.5969089553847217, 0.8062952257030707
-0.21802001956962358, 1.0608732066471653
1.3267174550293999, -0.27411590827612425
0.5690051529142184, 0.6891429829777069
0.3066154402949238, -0.2825543746014624
0.10646512472541948, 0.45676791047005266
-0.020945758020388942, 0.24627678243512818
0.3605194467355013, -0.23034955895181342
1.8153489047440239, -0.31332552420043114
-1.0214306852394903, 0.1159214908924607
-0.1180307981949868, 0.9771415463940374
0.05000693306480982, 0.45516314559449533
-1.034689636860565, 0.13943014217857452
1.423788226283084, -0.26769467286971843
1.0094079202327393, -0.6265611800204144
1.85291682647366, 0.38008120642650634
0.5656574493833335, 0.6738384160725537
1.9811782911381026, 0.0461518492175004
1.6591007070481774, -0.39219422187995634
0.6751447415437095, 0.7858853976643122
1.3165328814353296, -0.5314079813410746
0.6014142692218276, -0.5638716309864293
1.5457795841388, -0.26332575695631877
0.8217543970084844, -0.31064169204407177
-0.014822799815426054, 0.1320585305447236
0.23740856027080204, 0.8354862369494922
-0.35958059977958645, 1.0056398681969259
0.2275513891524893, 0.19244061568644033
0.2897322325309271, -0.2549350005985706
1.5668845427168, -0.3503539705882082
1.2043555973194202, -0.6428378189902155
1.774256533542751, -0.13851252006928066
0.47315828855982284, -0.4744253212208547
0.519796357859577, 0.8258561595230433
0.09443311823826937, 0.9652404133768824
1.6235507476778146, -0.1496423867873213
-0.24169394467156632, 0.9760794116051266
0.4308517098601311, -0.14305948078592054
0.7682675073878088, 0.46564100290048527
-0.5147667121515832, 1.0793475969208821
-0.87799176124367, 0.0938086642121718
1.6996078694221088, -0.07746593600416356
1.9586605222856037, 0.492621108307738
-1.04773588996843, 0.5624878813112022
0.46939372871930246, -0.3410051475043241
-0.843344088577503, 0.6339916216009273
0.055256352185204555, -0.014256894683749008
1.0236492114775557, -0.5383765576544196
0.22666019491507322, 0.08294257196937882
0.6217697928856183, -0.29320478751932777
1.2899702502672215, -0.4229424186377123
0.4762859055907527, -0.3750487862193077
0.1740401744905263, -0.12129887404575175
0.45206418767607226, -0.2899889225391047
0.7511944174657413, -0.346956175865686
0.9708231459829985, 0.47939759415732053
0.3950804328686783, 0.9654784821346869
1.6173962376380073, -0.34576223497284486
0.49532260241324305, -0.2815445552429367
0.4414714204427815, -0.32668954967108904
-1.0724806653643666, 0.2754876002311824
-0.5675429958136048, 0.8547450817662599
0.5614675567094335, 0.7391434793628188
0.6749779915858829, -0.20469451490847587
0.7423926030347126, -0.562049358551948
-0.31292321380356625, 0.8645891392673312
2.0417599710557446, 0.07067303202398256
1.9166590877993128, 0.2748481492772646
1.4654921396103389, -0.22197488622696357
0.6470127994409454, 0.6423603952942314
0.35791806445473884, 1.0226054637400541
2.0701419720823893, 0.24742055441685798
1.4946280847947222, -0.2395832714950935
1.7656588808883034, -0.07016239115397531
1.6304077340936438, -0.0651117042095269
0.08849950354153213, 1.0472926840315513
0.8362344609110495, 0.6736659340812668
-0.7014152576510896, 0.7500557135197602
1.2905409551650728, -0.42372731693190446
0.006973263898303703, 0.11412257772843953
0.3413049807023452, -0.18471189233111443
0.11212214026287926, 0.44058680855876775
0.9319544420893553, 0.6015398977796176
0.06946739059207557, 1.1222083174688724
1.9358512727217132, 0.15845596911500445
1.2365379710712432, -0.4513615840518562
0.7432111132009169, 0.6594346844837635
-0.40987131849771336, 0.8045820410908763
0.41149377654242497, -0.4450260964527547
1.1994956938389578, -0.6788531707884888
0.19677458117058397, -0.20257861333012567
1.2848575475637556, -0.5170409124505915
1.029406372608306, 0.3379246938498946
-0.8617121375535239, 0.23664486992788336
2.2658283201647285, 0.5812399648494597
0.7497022953394967, 0.7740369642933763
-0.7284662863344968, 0.7162238313846344
-0.7753233705090614, 0.6707702814579506
0.292020559932087, 0.9010214607340288
-0.3699877169838279, 1.098734730872481
0.08315273235359691, 0.8625760516532586
0.1706380438866151, 0.38580531441016414
0.14265012692331241, -0.020784381709710864
0.895701965062809, 0.21842271876848707
-0.6805772133927341, 0.8969306791111556
0.8875628944469378, 0.014737654547994555
-0.470057309285992, 0.8525400977444291
0.6029254609075558, -0.3807589729068944
1.7079076464424006, 0.0041704570844374456
1.0165903863824304, 0.1301602980311553
-0.6072960549187371, 0.7265549644212747
2.1882818262938732, 0.028462662529061947
0.07364160694981438, 0.26324821137191395
-0.501243817287635, 0.9764883182627812
0.6337323087609821, 0.5225964566290529
1.978127615153222, 0.5763089979364804
0.8189022476543436, 0.3638928601284541
0.20780951640275303, 0.33914833156687435
1.6609349642092508, -0.08915596742501064
-1.1480703622681188, -0.037771705332329625
0.690869470140673, -0.5466678049500712
1.550060653736003, -0.29823287292363465
1.7965433471779109, 0.3483124738690239
0.7914195051247125, 0.7048882277301132
-0.0533172768919602, 0.10321832781428955
0.695249026944876, -0.5832749351542884
2.103239271647636, 0.44948289342121445
0.09412274555686514, -0.03990900755746321
0.5172548793776539, -0.240200267847156
1.7400586775036573, -0.08278131593108662
0.928036022107106, -0.6429179335071437
-0.9512437333872199, 0.43726248598517004
0.38901197984595126, 0.9244930730482795
1.2547387048045304, -0.5751160767453632
-0.06542842988047874, 1.0473273151961116
1.8275638144707886, -0.132025401288378
-0.5099945921764872, 0.9039836836458631
0.2563840298119803, 0.9055538961187396
-0.8421659401258476, 0.34808227737800274
0.7708926526807824, 0.6462709463235531
-0.8633898824635616, 0.5402775864501517
1.04188862418479, -0.5309208410079885
0.6624425227324444, 0.4652642770272698
1.1544626621421221, -0.5776405201976347
-0.389212894551773, 0.9756989526389526
0.16424795231841197, -0.16888317621032936
0.6344472833237015, -0.3948774400581952
-0.2770272444617709, 1.2132510860097045
-0.9803675210059453, 0.22537666945773782
0.6065569779928079, -0.45203060680164836
1.3895869522949031, -0.4009742385451226
0.9647094698091185, 0.650515537206684
0.1518999143796016, -0.06217772157395723
0.22677138557670226, 0.9191231559225088
0.618134004360815, -0.28401560330615383
-0.14252672692289595, 1.0316436268440323
2.0452441264752235, 0.45580059456699373
1.2490728957687782, -0.5749848991048445
2.1353024861575864, 0.06429558345933312
0.8437862521493944, -0.4236474933381741
-0.4540782961775417, 1.2551719958057437
1.2458228349230631, -0.4649056626252901
1.2155412288284122, -0.5025345305722976
0.1640827809611425, 1.1004514465043833
0.12536931633296866, 0.07522874906089524
0.3423531362557033, 0.8999653463335193
0.9087946064509792, 0.22512339190422953
-1.1454165055365209, 0.45450340756783264
0.42749757748469297, 0.9064863682298702
1.6690301058690655, -0.18622179815824924
-1.0122724495137425, 0.052891355861945405
1.1410088861436392, 0.09401287094768652
1.478284253480789, -0.3130333071988477
-0.4679739520204662, 0.730059862536879
-1.1532286963847824, 0.04907292156758739
1.067993142051273, -0.43637805554600645
0.4755508185090428, 0.6795037507092179
-0.6280092664965065, 0.882954304035664
1.7691722901679667, -0.00336530492005567
1.0313493312552722, -0.6087644790898737
-0.07497762468688944, 1.0077104866725337
0.2967725304538552, -0.07493050794976694
0.1556848774862279, 0.854614606047967
0.9531949106482294, 0.16396879350013333
-1.0921813732412005, 0.12914423387022553
0.3869113156860726, -0.18855493346247268
-0.9784153264585059, 0.4709127089483001
0.4847228717960935, -0.5170443024220562
-0.8152070170523257, 0.7323581060351156
1.8730575829530622, 0.3537362227364508
-0.7425412801776713, 0.6183172068072333
0.1460545294710021, 0.12898312790762778
2.0400192531782246, -0.025114605332895473
-0.34405251109810575, 0.8259911386455417
0.2015148901089442, -0.45702010145680017
1.9031432381620537, 0.1879916879796411
-0.028070137072922816, 0.08969930108928038
1.1644586575931466, -0.519805975977948
1.963249458748028, 0.07570307548354609
-0.04518247889466785, 0.33656243650362444
-0.01600400773810585, 0.3724006342314104
0.150720549210454, 1.0088372266307053
0.22695338515411123, -0.09056820693484138
-0.9436101020890348, 0.5995155424605426
0.1621497843186528, 0.41147508975510466
2.006691593806543, 0.27115444942014816
0.9750640208929241, 0.3450673325523431
0.9638848791262635, 0.3214955130532457
0.04405963207434635, 0.5242844309247089
0.509017877822534, 0.8901300747526749
1.5410852596519538, -0.3882832112646652
1.579169263692962, -0.24029880751355562
0.47722900832140397, -0.32208301691908114
-1.017124341698216, 0.4529097558672678
-0.0005396047606714277, 0.3131854095846696
1.5342492782452646, -0.32242331986092865
0.7393806478161934, 0.6066250758583022
0.09962960190859005, -0.1828856733302534
1.924516989403661, 0.2747037608369229
0.9499534334689289, -0.5023154202627141
-0.6496328318215694, 0.7427967543175527
0.7681642839589358, -0.4220706895761643
-0.6307864939557687, 0.7815620560781196
-0.8522699526504418, 0.6614739280029635
0.6745013851520323, 0.009139303866332132
-0.952272153046849, 0.17007580801490763
0.01737857857483239, 0.10197036185957914
1.8243221339195825, -0.027318312254761085
-1.2326200389218975, -0.07987828599466963
0.2728981923333281, 0.06096024341623283
1.8822339279079512, 0.33473635829113635
-0.8646705542198464, 0.7490723452692403
0.49651082250659173, -0.2836290908539812
0.8355711705803006, -0.5200970313422427
1.5490383355144164, -0.3678822749090266
-0.6535957532181246, 0.9430242477991368
-0.9057826721947215, 0.7604531559448457
0.19323512892660172, -0.06616620974742211
1.91857371132708, 0.3477858614066246
-0.809877002084497, 0.4714581665014548
1.0456647249261402, 0.3825941867681681
1.999571376500558, 0.17660544022559177
0.41941970672575507, 0.7851596023291043
-0.9449043935430519, 0.3414040815000736
1.1432362283137991, -0.5154798568091197
-0.9328130983564961, 0.4307526598760638
0.07272751058241603, 1.1320595886184306
-0.9431456944604543, 0.19388571555548695
0.632429409209555, 0.8896948806491795
0.7601085195689887, 0.6648707964478588
0.24669118180834892, -0.12961034862587423
1.6805147739888135, -0.2994884815242145
1.5619732724850364, -0.2868427505599218
1.1703831856901878, 0.09906100123856007
-0.8477780940704335, 0.10252962684314192
0.3841025320073096, 0.7467042055596456
-0.8771673406499009, 0.5560104571756634
0.14554530692783632, 0.3677898711396545
0.9772232499275737, -0.04517674696335802
-0.1396806317104321, 0.3080731953960312
0.32098639331455076, -0.34545954660149536
1.204402754209173, -0.6140460419442637
0.9239427252577345, 0.36179260966846194
-0.9642561467622283, 0.037616767107094704
0.24824407716402808, 1.0283600499364234
0.7707884289038958, -0.4861795542917953
-0.30623432513653837, 0.9041008266906077
-0.5056765570518585, 0.9365076966369764
-0.9586243827118914, 0.263022037760888
2.0028819354678826, 0.4612773624297016
-0.37428904401500385, 0.8490241387029698
0.08930623871032332, 0.9163687114585065
0.35467198273695133, 0.7224282127819257
-0.5045721518597766, 0.7287053471271185
0.6282575255567799, -0.4155296676863841
0.715184021705314, -0.5353698801002117
-0.911770551988418, 0.20727724325345825
1.8256622451613034, 0.013935735774614294
0.8025863387824586, 0.5622986153432428
0.03348428202137271, 0.9122810841175124
0.7338082650612848, -0.3891084278875191
0.3135341929155255, 0.04497426628211186
-0.19957882977227134, 1.0587935381249696
-0.07544474832888763, 0.9851802422455106
0.8173903370661968, -0.42738157735077303
0.7497902287664913, 0.6246434569033235
0.9310956220384152, -0.36898635711273636
0.8945836719838883, 0.6177831108237162
0.0827902495443646, 0.012248105082856314
0.810583059539119, 0.6808639746893994
0.031619669255385376, 0.35136694194552487
0.6832655972722719, 0.6281059797661699
-0.6922370472693958, 0.8613573207743348
0.05542509439221978, 0.2857756407356418
0.3323864207887438, 0.725490346972242
-0.27816361054484395, 0.996201876436274
0.08795781131576838, -0.3600599682140715
0.48295149516825053, 0.6784234366159024
-0.08068584221948993, 0.8723359560663075
-6.176460193234312e-05, 0.9906613078319165
0.9644312740684853, 0.7297847430798201
-0.37731220326837817, 0.9414046540656537
1.041568080720763, -0.6048739949401095
0.39991314651654253, -0.2429062966157179
0.06252737410649784, 0.8996892255744211
-0.49061859213872816, 0.7924230487538857
0.7928104282474348, -0.07476060086950342
1.5988403627715424, -0.46287511157712635
0.79990038426583, 0.5358321331406284
0.06980500876889353, 0.3817887566031628
0.08894475089449189, 0.2949752412325322
0.7138550502218465, 0.8426558296279971
0.2547458154104625, -0.058387995081747315
1.0312491182971972, -0.5325856027061466
0.20547587005941295, -0.12718559076713376
-0.3901641314378613, 0.9088169698121511
0.6146805502196138, -0.3834601643547154
-0.36649685550221833, 0.8932648649536985
-0.41194962119125383, 0.9609881630648536
1.4626318308833983, -0.4636254254246451
1.5001926672898311, -0.19925582648017942
1.1014692954998102, -0.5994524804795951
-0.710970036565127, 0.5273461494118141
-0.08632001544907014, 0.517822461171617
-0.9342602218559649, 0.34914413742593897
0.8930545685175817, 0.49937473922255815
-0.6996019534435273, 0.8633000686134329
0.13048511855663786, 0.02312067196824591
1.4005132018919606, -0.4629546999509656
0.699208022248524, -0.28071842054161794
0.9275751135014941, 0.43676203354307125
0.14720971149992207, 1.092333060508427
0.6493432571657379, 0.8756113940037166
1.6628532017066024, -0.3822025991026127
2.028232566063188, -0.10079569885303083
0.0939988637592449, -0.03735408576111504
-0.38600035636005103, 1.020094642488001
-0.6442624476685219, 0.6020248693468033
1.5580605330577546, -0.40003543222828536
2.1660833241307302, 0.4054185432816042
0.2767381605218523, -0.07727918630177849
1.8173002659938153, 0.01669621368786857
-0.5043101047158965, 1.0203956378151688
0.35201224812842336, -0.3351916461372492
-0.01837809223248483, 1.0457924620791736
2.0295374401325224, 0.2716010544910339
0.4356444202193918, 1.122107377755649
0.8682611767425256, 0.598708223485216
0.09057045744165575, 0.07143093446528559
0.5726351304005018, -0.23281891966747148
0.6717625286687074, 0.8953692314829279
0.7810086945345115, 0.10379166679620794
0.0742489425836615, 0.9895128338071933
0.0065029959841247376, -0.0885682038507043
-0.8992474909856204, 0.14928116641310313
1.1133014444363691, -0.5751977860614265
1.9698111889974244, 0.2579073082813036
-0.4951867813687886, 0.8154499094851215
